,,,,02-Nov-20,,03-Nov-20,,04-Nov-20,,05-Nov-20,,06-Nov-20,,07-Nov-20,,08-Nov-20,,09-Nov-20,,10-Nov-20,,11-Nov-20,,12-Nov-20,,13-Nov-20,,14-Nov-20,,15-Nov-20,,16-Nov-20,,17-Nov-20,,18-Nov-20,,19-Nov-20,,20-Nov-20,,21-Nov-20,,22-Nov-20,,23-Nov-20,,24-Nov-20,,25-Nov-20,,26-Nov-20,,27-Nov-20,,28-Nov-20,,29-Nov-20,,30-Nov-20,,01-Dec-20,,02-Dec-20,,03-Dec-20,,04-Dec-20,,05-Dec-20,,06-Dec-20,,07-Dec-20,,08-Dec-20,,09-Dec-20,,10-Dec-20,,11-Dec-20,,12-Dec-20,,13-Dec-20,,14-Dec-20,,15-Dec-20,,16-Dec-20,,17-Dec-20,,18-Dec-20,,19-Dec-20,,20-Dec-20,,21-Dec-20,,22-Dec-20,,23-Dec-20,,24-Dec-20,,25-Dec-20,,26-Dec-20,,27-Dec-20,
NHS England Region,,Code,Name,CC Adult Open,CC Adult Occ,CC Adult Open,CC Adult Occ,CC Adult Open,CC Adult Occ,CC Adult Open,CC Adult Occ,CC Adult Open,CC Adult Occ,CC Adult Open,CC Adult Occ,CC Adult Open,CC Adult Occ,CC Adult Open,CC Adult Occ,CC Adult Open,CC Adult Occ,CC Adult Open,CC Adult Occ,CC Adult Open,CC Adult Occ,CC Adult Open,CC Adult Occ,CC Adult Open,CC Adult Occ,CC Adult Open,CC Adult Occ,CC Adult Open,CC Adult Occ,CC Adult Open,CC Adult Occ,CC Adult Open,CC Adult Occ,CC Adult Open,CC Adult Occ,CC Adult Open,CC Adult Occ,CC Adult Open,CC Adult Occ,CC Adult Open,CC Adult Occ,CC Adult Open,CC Adult Occ,CC Adult Open,CC Adult Occ,CC Adult Open,CC Adult Occ,CC Adult Open,CC Adult Occ,CC Adult Open,CC Adult Occ,CC Adult Open,CC Adult Occ,CC Adult Open,CC Adult Occ,CC Adult Open,CC Adult Occ,CC Adult Open,CC Adult Occ,CC Adult Open,CC Adult Occ,CC Adult Open,CC Adult Occ,CC Adult Open,CC Adult Occ,CC Adult Open,CC Adult Occ,CC Adult Open,CC Adult Occ,CC Adult Open,CC Adult Occ,CC Adult Open,CC Adult Occ,CC Adult Open,CC Adult Occ,CC Adult Open,CC Adult Occ,CC Adult Open,CC Adult Occ,CC Adult Open,CC Adult Occ,CC Adult Open,CC Adult Occ,CC Adult Open,CC Adult Occ,CC Adult Open,CC Adult Occ,CC Adult Open,CC Adult Occ,CC Adult Open,CC Adult Occ,CC Adult Open,CC Adult Occ,CC Adult Open,CC Adult Occ,CC Adult Open,CC Adult Occ,CC Adult Open,CC Adult Occ,CC Adult Open,CC Adult Occ,CC Adult Open,CC Adult Occ,CC Adult Open,CC Adult Occ,CC Adult Open,CC Adult Occ,CC Adult Open,CC Adult Occ,CC Adult Open,CC Adult Occ
-,,-,ENGLAND (All Acute Trusts),"4,212","2,960","4,135","3,044","4,133","3,103","4,139","3,098","4,192","3,131","4,209","3,120","4,208","3,081","4,168","3,055","4,192","3,171","4,228","3,218","4,185","3,253","4,237","3,301","4,272","3,260","4,277","3,173","4,280","3,159","4,342","3,301","4,375","3,379","4,365","3,395","4,348","3,368","4,347","3,340","4,355","3,288","4,360","3,245","4,374","3,315","4,401","3,361","4,363","3,361","4,404","3,395","4,395","3,334","4,391","3,249","4,320","3,133","4,377","3,258","4,366","3,276","4,474","3,347","4,490","3,318","4,413","3,225","4,466","3,226","4,406","3,240","4,486","3,349","4,487","3,384","4,455","3,407","4,425","3,359","4,404","3,313","4,352","3,262","4,381","3,257","4,368","3,425","4,406","3,491","4,389","3,472","4,445","3,475","4,484","3,439","4,441","3,304","4,434","3,336","4,494","3,458","4,524","3,474","4,519","3,496","4,546","3,414","4,537","3,368","4,589","3,430"
-,,-,ENGLAND (Type 1 Acute Trusts),"4,212","2,960","4,135","3,044","4,133","3,103","4,139","3,098","4,192","3,131","4,209","3,120","4,208","3,081","4,168","3,055","4,192","3,171","4,228","3,218","4,185","3,253","4,237","3,301","4,272","3,260","4,277","3,173","4,280","3,159","4,342","3,301","4,375","3,379","4,365","3,395","4,348","3,368","4,347","3,340","4,355","3,288","4,360","3,245","4,374","3,315","4,401","3,361","4,363","3,361","4,404","3,395","4,395","3,334","4,391","3,249","4,320","3,133","4,377","3,258","4,366","3,276","4,474","3,347","4,490","3,318","4,413","3,225","4,466","3,226","4,406","3,240","4,486","3,349","4,487","3,384","4,455","3,407","4,425","3,359","4,404","3,313","4,352","3,262","4,288","3,186","4,274","3,344","4,310","3,409","4,263","3,360","4,317","3,362","4,356","3,337","4,315","3,209","4,302","3,245","4,364","3,360","4,398","3,401","4,395","3,404","4,420","3,329","4,414","3,290","4,464","3,352"
,,,,,,,,,,,,,,,,,,,,,,,,,,,,,,,,,,,,,,,,,,,,,,,,,,,,,,,,,,,,,,,,,,,,,,,,,,,,,,,,,,,,,,,,,,,,,,,,,,,,,,,,,,,,,,,,,,,
East of England,,RC9,Bedfordshire Hospitals NHS Foundation Trust,28,19,28,22,28,25,28,17,35,20,35,21,35,19,35,18,35,19,35,20,35,19,35,20,35,22,35,21,35,23,35,22,35,22,35,19,35,20,35,19,35,17,35,17,35,19,35,23,35,20,35,16,35,23,35,19,35,23,35,24,35,21,35,17,35,21,28,18,28,18,28,23,28,17,28,20,28,16,28,19,28,20,28,17,28,17,28,25,28,20,28,25,29,19,28,19,28,18,35,24,35,14,35,17,35,18,35,16,35,24,35,24
East of England,,RGT,Cambridge University Hospitals NHS Foundation Trust,69,58,69,58,69,63,69,65,69,65,72,65,72,66,72,60,72,61,72,63,72,66,72,64,72,63,71,60,71,58,72,62,72,66,72,65,72,65,72,64,72,59,72,57,72,60,72,62,72,64,72,68,72,62,72,60,72,62,72,67,72,66,72,62,72,63,72,66,72,57,71,53,72,64,72,66,72,64,70,64,71,64,70,58,70,59,70,62,71,62,71,67,72,64,71,60,71,53,71,54,71,56,72,64,71,67,72,60,72,53,72,54
East of England,,RWH,East and North Hertfordshire NHS Trust,18,9,18,9,18,12,18,16,18,17,18,17,18,16,18,16,18,15,18,17,18,16,18,17,18,16,18,16,18,13,18,14,18,16,18,14,18,17,18,15,18,15,18,14,18,13,18,15,18,13,18,13,18,11,18,15,18,11,18,15,18,14,18,17,18,16,18,13,18,13,18,12,18,16,18,13,18,15,18,17,18,16,18,18,18,17,18,16,18,14,18,16,18,17,18,18,18,17,18,14,18,13,18,13,18,16,18,15,18,16,18,18
East of England,,RDE,East Suffolk and North Essex NHS Foundation Trust,25,20,25,20,25,17,25,16,25,18,25,17,25,19,25,20,25,19,25,17,25,18,25,18,25,18,25,20,25,22,25,22,25,25,25,20,25,18,25,17,25,16,25,18,25,20,25,17,25,19,25,18,25,18,25,18,25,15,25,20,25,21,25,14,25,21,27,23,25,19,25,19,25,21,25,21,25,22,25,21,25,22,25,21,25,20,25,18,25,22,25,25,25,23,25,23,25,18,25,21,25,21,25,24,29,22,29,26,29,26,29,26
East of England,,RGP,James Paget University Hospitals NHS Foundation Trust,12,9,12,11,12,9,12,9,12,9,12,9,12,10,12,10,12,10,12,11,12,9,12,9,12,4,12,6,12,6,12,6,12,7,12,7,12,8,12,8,12,8,12,9,12,8,12,7,12,8,12,9,12,9,12,8,12,7,12,6,12,7,12,8,12,8,12,10,12,10,12,10,12,10,12,10,12,10,12,11,12,7,12,9,12,9,12,10,12,10,12,10,12,8,12,8,12,8,12,8,12,10,12,10,12,8,12,8,12,7,12,10
East of England,,RAJ,Mid and South Essex NHS Foundation Trust,91,51,91,55,91,48,91,54,91,54,91,58,91,58,91,57,91,61,91,61,91,58,91,59,91,58,91,56,91,49,111,54,111,52,111,49,111,49,111,45,111,46,111,47,111,51,111,58,71,63,83,63,71,62,66,57,66,57,90,72,81,75,76,71,78,72,105,58,104,59,83,73,82,75,83,74,84,76,84,76,87,77,80,71,79,72,83,76,87,81,80,74,83,74,105,61,85,75,103,94,103,91,110,103,116,107,116,107,118,109,128,114
East of England,,RD8,Milton Keynes University Hospital NHS Foundation Trust,10,7,10,7,10,5,10,5,10,6,10,6,10,7,10,7,10,7,10,6,10,7,10,5,10,5,10,6,10,6,10,8,10,6,10,6,10,5,10,5,10,4,10,6,9,6,10,8,10,8,10,6,10,6,10,5,10,6,10,6,10,5,9,8,10,6,10,8,10,10,10,7,10,7,10,8,10,8,10,7,10,7,10,6,10,6,10,7,10,8,10,9,10,6,10,6,10,6,10,6,10,6,10,7,10,8,10,8,10,7,10,8
East of England,,RM1,Norfolk and Norwich University Hospitals NHS Foundation Trust,39,14,39,14,39,18,39,21,39,18,39,19,39,21,39,23,39,22,39,24,46,21,46,23,46,24,46,20,46,19,46,18,46,24,46,21,46,22,46,23,46,23,46,24,46,21,46,24,46,22,46,25,46,19,46,18,46,18,46,22,46,21,45,20,46,21,46,23,46,18,46,19,46,22,46,23,44,26,44,22,45,27,46,30,46,28,46,29,46,30,46,28,46,27,46,30,46,22,46,21,46,26,63,23,63,22,63,21,63,20,63,22
East of England,,RGN,North West Anglia NHS Foundation Trust,26,17,26,18,26,17,26,17,26,16,26,14,26,13,26,14,26,15,26,14,26,13,26,17,26,15,26,11,26,15,26,16,26,19,26,19,26,16,26,18,26,17,26,15,26,18,26,16,26,14,26,15,26,16,26,19,26,18,26,17,26,15,26,14,21,17,21,15,21,10,21,12,21,12,21,13,21,14,21,15,21,18,21,17,22,18,21,17,21,16,21,16,21,17,21,14,21,15,21,17,21,17,21,18,21,17,21,18,21,19,22,21
East of England,,RQW,The Princess Alexandra Hospital NHS Trust,15,12,15,11,15,11,15,9,15,9,15,8,15,7,15,10,15,9,15,9,15,8,15,8,15,9,15,7,15,10,15,11,15,9,15,8,15,7,15,9,15,10,15,9,15,11,15,12,15,11,15,10,15,11,15,11,15,10,15,10,15,7,15,9,15,6,15,7,15,11,15,10,15,14,15,12,15,12,15,10,15,9,15,9,15,10,15,9,15,10,15,11,15,10,15,9,15,10,15,10,15,10,15,13,15,12,15,11,15,12,15,14
East of England,,RCX,"The Queen Elizabeth Hospital, King's Lynn, NHS Foundation Trust",15,3,13,5,13,5,13,6,13,7,13,9,13,8,13,10,13,8,13,8,13,10,13,10,13,8,13,9,13,9,13,10,13,10,14,12,13,7,13,8,13,7,13,7,13,7,13,9,13,8,13,6,13,6,13,6,13,6,13,8,13,11,13,11,13,11,13,10,13,11,13,12,13,10,13,13,16,12,15,12,16,13,16,13,12,9,12,9,12,9,12,8,12,8,13,8,13,9,12,8,13,10,14,10,14,10,14,10,15,13,15,13
East of England,,RWG,West Hertfordshire Hospitals NHS Trust,20,13,20,14,20,15,20,12,20,15,20,17,20,18,20,15,20,15,20,14,20,14,20,14,20,13,20,12,20,14,20,14,20,16,20,14,20,16,20,15,20,15,20,12,20,10,20,13,20,13,20,13,20,11,20,10,20,14,20,14,20,14,20,12,20,15,20,16,20,15,20,18,20,15,20,14,20,14,20,13,20,13,20,12,20,13,20,14,20,14,20,15,20,15,20,15,20,16,20,17,20,18,20,17,20,15,20,14,20,14,24,20
East of England,,RGR,West Suffolk NHS Foundation Trust,16,14,16,13,16,13,16,14,16,15,16,13,16,13,16,13,16,15,16,15,16,15,16,16,16,15,25,15,25,17,25,16,25,15,25,15,25,15,25,15,25,14,25,14,25,17,25,14,25,13,25,13,25,12,25,12,25,12,25,11,25,12,20,12,20,14,20,14,20,15,20,17,20,18,20,15,20,15,20,12,20,11,20,12,20,12,20,14,20,15,20,17,20,16,20,14,20,17,20,17,20,19,20,19,20,19,20,16,20,16,20,15
London,,RF4,"Barking, Havering and Redbridge University Hospitals NHS Trust",67,42,67,43,67,45,67,44,67,44,67,44,67,49,67,45,67,46,67,45,67,48,67,51,67,44,67,49,67,51,67,53,67,53,67,48,67,51,67,52,67,42,67,45,67,49,67,53,67,51,67,49,67,49,67,54,67,48,67,54,67,56,67,54,67,48,67,51,67,49,67,51,67,54,67,54,67,58,67,52,67,59,67,55,67,53,67,54,67,57,67,58,67,58,62,62,56,56,58,52,66,61,67,63,67,63,67,65,67,63,73,67
London,,R1H,Barts Health NHS Trust,114,91,119,98,116,102,124,105,125,119,122,101,119,102,116,102,121,111,121,113,119,111,120,114,127,111,124,107,116,98,119,105,129,117,127,121,127,119,124,114,127,115,124,111,127,112,132,119,130,117,133,120,133,119,129,110,125,107,128,114,134,117,186,153,190,101,136,115,186,153,154,147,173,147,173,148,180,147,149,117,151,89,133,116,130,99,129,124,123,119,126,121,127,120,139,127,132,118,124,115,133,131,131,106,120,116,137,132,138,105,136,106
London,,RQM,Chelsea and Westminster Hospital NHS Foundation Trust,23,16,23,16,23,17,23,16,23,19,23,21,23,17,21,21,22,21,21,21,23,22,26,25,26,26,26,22,26,21,26,20,23,20,26,24,26,24,24,24,27,24,26,24,24,21,28,26,29,23,28,22,28,21,29,26,29,26,29,28,30,30,29,27,29,27,29,23,29,24,29,23,29,23,29,23,29,24,29,24,31,24,32,25,28,26,28,27,29,25,26,25,28,24,28,28,30,29,32,31,31,30,33,32,33,28,33,29,34,32,34,31
London,,RJ6,Croydon Health Services NHS Trust,15,8,15,8,15,8,15,8,15,8,15,8,15,7,15,8,15,8,15,8,15,6,15,7,15,7,15,7,15,8,15,9,15,9,15,10,15,11,15,8,15,8,15,11,15,11,15,12,15,11,15,8,15,8,15,9,15,10,15,10,15,12,15,12,15,13,15,9,15,9,15,9,15,9,15,10,15,10,15,10,15,11,15,12,15,11,15,11,15,10,15,10,15,10,19,10,19,7,19,11,19,10,19,14,19,14,19,19,19,18,25,19
London,,RVR,Epsom and St Helier University Hospitals NHS Trust,19,16,19,17,19,16,19,16,19,17,19,13,19,12,19,16,20,15,20,13,20,13,20,15,20,15,20,16,20,14,20,12,20,9,20,11,20,11,20,10,20,10,20,12,20,15,20,14,20,17,20,15,20,14,20,15,20,15,20,16,20,13,20,13,20,11,20,13,20,13,20,13,20,17,20,13,20,15,20,16,20,16,22,17,22,14,22,15,22,18,22,19,22,18,22,17,22,17,22,16,22,19,22,20,22,18,22,18,22,19,22,20
London,,RJ1,Guy's and St Thomas' NHS Foundation Trust,95,54,95,67,95,67,95,64,95,67,95,57,95,49,95,55,95,63,95,63,95,65,95,71,95,57,95,68,95,59,95,67,95,62,95,66,95,77,95,66,95,72,95,72,95,74,95,62,95,75,95,92,95,81,95,74,95,60,95,67,95,66,95,69,95,70,104,86,104,82,104,65,115,71,115,77,115,83,115,86,115,90,115,92,115,88,115,86,115,96,115,79,115,90,115,92,115,89,115,98,115,86,115,89,115,75,115,93,115,95,115,98
London,,RQX,Homerton University Hospital NHS Foundation Trust,16,11,16,12,16,12,16,12,16,12,16,10,16,12,16,12,12,12,12,12,12,10,12,12,12,12,12,12,12,10,12,10,12,10,12,10,12,10,12,9,12,9,12,9,12,8,12,7,12,11,12,11,12,11,12,11,12,11,12,10,15,11,15,14,15,14,15,13,15,11,15,10,15,11,15,13,15,13,15,12,15,12,15,13,15,11,15,15,15,15,18,15,18,16,18,18,18,18,18,18,18,17,18,17,18,17,18,18,18,18,18,18
London,,RYJ,Imperial College Healthcare NHS Trust,82,79,82,80,82,80,92,80,92,71,92,68,92,72,87,71,84,73,90,74,90,75,90,78,92,84,102,85,101,79,102,79,102,81,102,89,102,90,102,89,102,87,102,83,100,85,100,91,102,90,102,86,102,88,102,89,102,88,102,91,98,91,102,93,101,94,93,92,91,84,91,84,94,81,96,93,94,89,96,88,94,87,93,89,92,84,94,86,94,88,91,89,93,86,97,94,94,87,87,82,93,86,88,82,93,86,93,86,93,86,93,86
London,,RJZ,King's College Hospital NHS Foundation Trust,106,99,106,103,106,103,106,103,110,107,110,106,110,105,110,103,110,102,110,102,110,100,110,102,126,102,126,104,126,105,126,101,126,98,110,99,110,99,110,105,109,102,110,100,110,99,110,101,110,107,110,108,110,104,110,96,110,99,110,101,110,103,110,104,110,107,110,108,110,105,110,106,108,107,107,107,107,105,110,106,107,106,110,107,108,105,108,105,110,104,110,102,110,105,110,107,110,108,110,106,110,108,110,105,110,106,110,107,110,107,110,108
London,,RAX,Kingston Hospital NHS Foundation Trust,15,9,15,10,15,11,15,12,15,11,15,11,15,10,15,10,15,11,15,11,15,10,15,12,15,9,15,9,15,11,15,10,15,9,15,9,15,9,15,11,15,9,15,8,15,11,15,10,15,11,15,13,15,9,15,9,15,8,15,6,15,6,23,7,23,10,23,14,23,14,15,6,15,6,15,4,15,4,15,5,15,6,15,5,15,6,15,8,15,11,15,0,15,13,15,12,15,14,15,15,15,13,15,14,15,14,15,12,15,13,15,13
London,,RJ2,Lewisham and Greenwich NHS Trust,36,23,36,25,36,25,36,27,36,25,36,26,36,26,36,26,36,26,36,27,36,30,36,32,36,29,36,26,36,28,36,26,36,32,36,29,36,26,36,28,36,26,36,30,36,32,36,34,36,32,36,33,36,32,36,34,36,32,36,34,36,34,36,35,36,30,36,32,38,34,36,36,36,30,36,29,34,31,37,32,39,35,38,33,38,31,36,31,37,34,41,38,40,38,38,34,46,41,41,39,46,46,46,46,50,49,47,47,45,45,48,46
London,,R1K,London North West University Healthcare NHS Trust,67,40,67,37,67,37,64,39,67,41,67,39,67,40,67,48,67,47,67,52,64,56,67,53,67,56,67,48,67,50,67,49,67,51,64,50,67,55,67,53,67,57,67,62,67,65,67,60,64,57,67,55,67,58,67,55,67,49,67,52,67,55,67,57,67,61,67,54,67,61,67,63,67,61,67,62,67,65,67,60,67,52,67,52,67,58,67,61,67,60,67,64,67,65,67,62,67,65,67,64,67,67,67,66,67,65,73,60,73,60,67,60
London,,RAP,North Middlesex University Hospital NHS Trust,20,20,20,19,20,19,20,19,20,19,20,19,20,19,20,19,20,19,20,19,20,19,22,19,20,19,20,19,20,19,20,19,22,19,20,19,20,19,20,19,20,19,20,19,20,20,20,20,20,20,20,19,20,19,20,18,20,19,20,19,20,20,20,20,20,20,20,18,20,17,20,19,20,19,20,19,20,19,20,19,20,19,20,20,20,20,20,20,20,20,20,20,20,20,25,23,25,24,25,25,25,25,25,25,25,24,25,25,25,25,25,25
London,,RAL,Royal Free London NHS Foundation Trust,59,54,61,52,62,53,62,53,62,51,61,51,59,45,57,48,60,48,61,53,61,50,61,52,60,53,60,50,60,55,60,58,60,52,64,58,59,53,59,42,59,51,64,51,67,58,69,57,67,56,67,58,66,55,66,54,66,51,66,52,66,56,68,54,69,55,68,54,67,54,65,49,68,57,67,54,68,55,69,58,70,51,70,55,70,55,70,52,70,56,68,61,67,58,67,61,67,65,66,63,68,67,66,64,65,57,69,65,67,64,68,67
London,,RJ7,St George's University Hospitals NHS Foundation Trust,99,56,83,62,83,57,83,51,83,51,83,62,83,55,83,52,83,61,83,68,83,65,83,63,78,63,78,62,74,63,76,67,81,74,81,73,81,71,81,75,82,71,76,68,81,71,81,68,81,68,81,67,78,70,81,66,81,59,81,66,81,70,81,76,81,69,81,69,81,68,81,70,81,75,85,76,85,71,80,71,85,71,85,73,85,70,85,72,88,70,90,71,89,71,89,49,89,49,89,77,89,73,89,87,101,74,101,75,101,70,101,70
London,,RAS,The Hillingdon Hospitals NHS Foundation Trust,9,4,9,5,9,7,9,7,9,7,9,7,9,5,9,5,9,5,9,4,9,3,9,3,9,3,9,3,9,4,9,4,9,4,9,4,9,2,9,2,9,3,9,3,9,3,9,3,9,6,9,6,9,7,9,6,6,6,6,6,7,7,9,9,9,7,9,8,9,7,10,10,9,8,9,6,9,9,9,9,9,8,9,8,9,9,9,7,11,11,11,11,10,10,9,6,9,7,10,10,9,9,9,7,9,8,9,7,9,8,9,8
London,,RRV,University College London Hospitals NHS Foundation Trust,71,46,71,49,71,55,71,55,71,58,70,56,71,52,71,47,71,57,71,59,71,60,71,58,71,58,71,48,71,51,76,50,76,50,76,47,76,46,76,46,76,49,76,40,66,45,76,47,76,46,76,50,76,46,76,55,76,47,76,54,76,51,76,55,76,57,78,67,76,53,76,51,76,52,76,58,76,66,77,67,78,68,76,59,76,51,76,58,76,61,76,64,76,61,76,66,76,62,76,55,85,68,86,75,85,71,85,60,78,67,79,62
London,,RKE,Whittington Health NHS Trust,10,5,10,5,10,5,10,5,10,5,10,5,10,5,10,5,10,5,10,3,10,4,10,4,10,4,10,6,10,6,10,6,10,6,10,6,10,8,10,8,10,7,10,9,10,8,10,9,10,8,10,7,10,7,10,8,10,8,10,8,10,8,10,7,10,7,0,0,10,7,10,7,10,8,10,7,10,8,10,8,10,7,10,9,10,8,10,9,10,8,10,8,10,7,10,7,10,7,10,10,10,10,10,9,10,9,10,9,10,8,10,9
Midlands,,RQ3,Birmingham Women's and Children's NHS Foundation Trust,0,0,0,0,0,0,0,0,0,0,0,0,0,0,0,0,0,0,0,0,0,0,0,0,0,0,0,0,0,0,0,0,0,0,0,0,0,0,0,0,0,0,0,0,0,0,0,0,0,0,0,0,0,0,0,0,0,0,0,0,0,0,0,0,0,0,0,0,0,0,0,0,0,0,0,0,0,0,0,0,0,0,0,0,0,0,0,0,0,0,0,0,0,0,0,0,0,0,0,0,0,0,0,0,0,0,0,0,0,0,0,0
Midlands,,RFS,Chesterfield Royal Hospital NHS Foundation Trust,29,19,29,19,29,16,29,17,29,18,29,21,29,21,29,20,29,20,22,20,23,17,24,17,24,18,24,18,24,15,24,14,24,16,24,19,24,20,24,21,24,23,24,19,24,19,24,20,24,20,24,18,24,19,24,19,24,16,24,15,24,18,24,19,24,17,24,15,24,18,24,17,24,17,24,18,24,19,24,19,24,15,24,19,24,21,24,17,24,15,24,17,24,18,24,18,24,17,24,17,24,17,24,18,24,15,24,16,24,20,24,18
Midlands,,RLT,George Eliot Hospital NHS Trust,8,7,8,7,8,5,8,6,8,6,8,5,8,7,8,8,8,8,8,8,8,8,8,8,8,8,8,8,8,8,8,8,8,8,8,0,8,8,8,8,8,8,8,8,8,8,8,7,8,7,8,7,8,7,8,7,8,8,8,7,8,7,8,8,8,8,8,7,8,8,8,8,8,7,8,7,8,0,8,7,8,8,8,8,8,0,8,0,8,7,8,8,8,8,8,0,8,7,8,8,8,7,8,0,8,8,8,8,8,0,8,8
Midlands,,RNQ,Kettering General Hospital NHS Foundation Trust,13,13,12,11,10,9,9,9,13,9,14,13,14,13,14,13,16,13,15,13,14,13,15,12,13,11,12,8,12,9,13,11,14,11,15,11,14,12,14,11,14,12,14,12,14,10,13,9,14,12,14,12,13,11,15,13,14,10,13,10,12,12,13,11,9,9,11,10,11,10,29,10,29,10,29,9,29,10,29,10,29,9,29,9,29,10,29,11,29,10,29,11,29,11,29,13,29,11,29,13,29,11,29,10,29,11,29,9,29,6,29,13
Midlands,,RNS,Northampton General Hospital NHS Trust,16,9,16,8,16,10,16,9,16,11,16,11,16,12,16,10,16,9,16,11,16,10,16,13,16,11,16,11,16,12,16,11,16,10,16,11,16,11,16,14,16,13,16,13,16,15,16,14,16,12,16,14,16,15,16,16,16,13,16,12,16,13,22,10,22,12,22,10,22,9,22,10,22,11,22,10,22,11,16,11,22,11,22,12,22,10,22,10,22,12,22,13,22,13,22,12,22,13,22,10,22,10,22,8,22,9,22,14,22,13,22,11
Midlands,,RX1,Nottingham University Hospitals NHS Trust,75,61,75,61,76,62,75,63,75,61,75,58,75,57,75,59,75,59,75,53,75,58,75,60,75,61,75,65,75,71,85,65,85,66,85,66,85,70,75,67,75,67,85,67,85,70,85,67,85,68,77,65,77,59,77,57,70,53,70,56,70,57,83,65,83,63,83,59,83,61,83,65,83,61,83,67,83,68,83,68,83,67,83,62,83,64,83,67,83,70,85,70,85,75,85,68,85,65,85,67,83,72,83,76,83,74,83,67,83,66,83,61
Midlands,,RXK,Sandwell and West Birmingham Hospitals NHS Trust,18,18,18,18,18,18,18,17,18,17,18,17,18,18,18,18,18,18,18,18,18,18,18,18,18,18,18,18,18,18,18,18,18,18,18,18,18,18,18,18,18,17,18,17,19,17,18,15,18,18,18,18,18,17,18,18,25,25,25,25,25,25,18,18,26,26,22,22,22,22,23,23,24,24,22,22,22,22,25,25,27,27,27,27,26,26,26,26,26,26,26,26,26,26,24,24,23,20,23,20,22,21,23,23,23,23,23,23,28,28,30,30
Midlands,,RK5,Sherwood Forest Hospitals NHS Foundation Trust,13,11,15,10,19,9,16,10,13,10,13,10,13,11,13,9,13,12,13,12,16,14,19,12,16,12,13,12,13,13,16,16,16,14,16,13,16,16,16,16,18,17,18,16,18,18,14,14,14,14,18,14,20,20,13,13,14,14,13,13,14,14,16,12,13,11,11,9,13,13,18,13,18,15,15,15,15,15,16,15,19,16,19,15,13,12,16,15,16,14,15,15,16,15,16,13,16,15,17,16,16,14,16,15,16,15,16,13,16,13,16,15
Midlands,,RXW,Shrewsbury and Telford Hospital NHS Trust,18,14,17,15,18,14,20,16,19,16,21,18,19,17,19,19,18,15,18,16,17,14,18,17,17,15,18,17,19,16,20,19,18,17,17,15,18,17,19,18,18,16,20,18,17,15,18,14,16,12,18,15,17,14,17,14,17,14,15,11,16,14,15,14,16,13,16,14,17,14,17,15,17,14,17,15,16,13,18,16,15,12,15,12,16,12,16,11,16,13,16,13,16,14,17,15,17,16,17,13,17,13,16,15,16,14,16,14,18,15,18,15
Midlands,,RJC,South Warwickshire NHS Foundation Trust,6,5,6,6,6,6,6,5,6,5,6,5,6,6,6,6,6,5,6,4,6,2,6,4,6,4,6,5,6,3,6,5,6,5,6,5,6,5,6,5,6,5,7,7,7,6,7,5,7,6,7,6,7,5,7,5,7,6,7,7,7,6,7,6,7,6,7,6,7,5,7,6,7,6,7,5,7,4,7,5,7,4,7,4,7,4,7,4,7,5,7,3,7,4,7,4,7,3,7,3,7,3,7,5,7,7,7,5,7,4,7,6
Midlands,,RNA,The Dudley Group NHS Foundation Trust,23,21,23,20,21,17,26,18,25,17,29,21,29,21,29,21,29,21,22,19,22,18,20,14,20,15,20,15,20,16,22,19,22,19,21,18,21,19,22,20,23,21,23,21,23,20,23,20,21,18,22,19,22,20,23,21,14,14,14,14,14,13,14,14,14,14,16,16,15,15,22,15,22,15,22,14,22,14,22,12,22,14,22,15,22,15,22,18,22,17,22,17,22,14,22,14,22,10,22,11,22,12,22,10,22,11,22,11,22,12,22,14
Midlands,,RL4,The Royal Wolverhampton NHS Trust,28,16,28,16,28,17,28,17,28,17,28,17,28,18,28,19,28,20,28,19,28,22,36,20,36,19,36,22,36,16,38,22,38,26,38,26,30,21,30,23,30,25,30,23,30,26,30,24,30,23,30,25,30,25,30,24,30,22,30,20,30,25,30,25,30,25,30,23,30,23,30,25,30,23,30,26,30,27,30,24,30,24,30,21,28,22,28,24,28,24,28,20,28,20,28,21,28,19,28,20,28,22,28,18,28,20,28,17,28,19,28,20
Midlands,,RWD,United Lincolnshire Hospitals NHS Trust,31,16,31,14,31,16,31,17,31,15,31,15,31,15,31,15,31,19,31,19,31,20,32,22,31,18,32,20,33,23,33,22,31,21,31,20,31,20,31,24,31,24,31,25,31,25,32,25,31,23,32,26,32,26,34,28,33,26,33,27,32,26,33,29,33,27,34,23,33,22,33,22,34,28,28,28,25,25,26,26,31,25,25,25,26,26,25,19,25,21,25,19,25,24,25,24,25,25,26,26,31,24,31,24,25,10,25,25,25,23,25,23
Midlands,,RRK,University Hospitals Birmingham NHS Foundation Trust,95,91,100,96,106,104,101,97,100,96,105,104,107,106,101,99,100,99,100,100,97,97,99,99,105,101,107,103,107,103,104,100,106,102,113,109,115,111,117,113,115,112,107,104,104,101,108,104,112,109,114,111,112,109,115,111,109,105,106,102,112,108,113,109,105,101,103,99,103,100,108,106,109,103,113,111,117,115,112,110,113,111,114,106,90,85,89,87,93,90,86,82,88,82,85,81,84,81,84,77,89,82,90,86,95,94,95,94,94,93,91,87
Midlands,,RKB,University Hospitals Coventry and Warwickshire NHS Trust,59,33,59,31,59,31,59,34,59,37,59,34,59,34,59,29,59,36,59,23,39,36,40,40,34,34,37,36,37,35,40,38,41,39,40,35,37,35,39,37,38,37,33,30,34,32,38,36,39,38,43,42,42,41,40,39,38,36,38,35,36,34,38,35,38,37,37,37,33,33,40,39,40,37,41,40,41,39,42,41,41,41,38,35,37,35,39,38,40,39,41,38,37,36,37,36,36,34,36,34,41,38,43,40,41,40,34,32,32,30,32,30
Midlands,,RTG,University Hospitals of Derby and Burton NHS Foundation Trust,53,39,52,40,51,36,52,32,51,32,53,33,51,34,53,39,52,41,54,39,51,34,52,40,53,40,53,34,53,34,52,42,54,40,54,39,52,38,52,39,55,43,56,42,55,43,59,38,57,37,57,45,52,27,55,41,55,35,55,39,57,39,53,44,71,48,67,45,71,43,71,51,71,55,70,51,70,47,68,41,66,37,69,39,65,34,68,37,67,43,66,38,65,34,65,40,71,36,68,36,69,45,71,40,71,42,71,37,71,40,71,41
Midlands,,RWE,University Hospitals of Leicester NHS Trust,81,41,81,47,81,52,81,57,81,53,81,55,81,50,81,54,81,59,73,53,98,57,98,58,98,55,98,54,98,54,98,63,98,66,98,70,98,59,98,54,98,51,98,51,98,52,98,56,98,52,98,54,98,55,98,49,98,55,98,64,98,63,98,63,98,67,98,62,98,61,98,60,107,58,107,61,107,59,107,59,107,62,107,62,104,58,104,63,104,61,104,57,104,55,107,58,107,54,99,57,99,60,99,58,99,61,99,51,99,49,99,52
Midlands,,RJE,University Hospitals of North Midlands NHS Trust,82,50,40,40,40,40,40,40,40,40,40,40,40,40,63,50,66,50,67,53,67,53,67,57,67,57,67,54,67,53,68,55,67,54,66,56,65,57,67,59,68,58,61,54,60,49,60,51,60,58,62,52,62,48,62,44,64,43,66,47,68,49,70,50,68,51,68,48,67,48,65,47,69,54,66,49,69,54,68,55,68,56,68,54,68,55,67,54,68,58,66,54,66,53,67,54,67,51,66,49,66,52,66,54,65,52,66,55,65,49,65,49
Midlands,,RBK,Walsall Healthcare NHS Trust,18,12,18,14,18,14,18,18,18,18,18,15,18,16,18,16,18,16,18,15,18,18,18,16,18,18,18,16,18,15,18,18,20,20,28,19,28,18,28,19,28,18,28,21,28,21,28,18,28,17,28,16,28,17,28,16,28,17,28,17,28,17,28,16,28,14,28,11,28,11,28,14,28,14,28,16,28,17,28,19,28,17,28,18,28,17,28,15,28,12,28,13,28,10,28,11,28,10,28,10,28,11,28,13,28,13,28,12,28,13,28,18
Midlands,,RWP,Worcestershire Acute Hospitals NHS Trust,37,10,37,13,37,13,37,12,37,15,37,17,37,19,37,16,37,16,37,15,37,12,37,14,37,16,37,18,37,15,37,16,37,15,37,15,37,15,37,15,37,15,37,15,37,12,37,13,37,14,37,13,37,12,37,12,37,12,28,13,28,12,28,12,28,12,28,13,28,14,30,12,28,14,28,15,28,14,28,15,28,17,28,16,28,13,28,13,28,14,28,13,28,14,28,12,28,11,28,13,28,16,28,16,28,16,28,15,28,15,28,15
Midlands,,RLQ,Wye Valley NHS Trust,6,0,6,0,6,0,6,0,6,0,6,0,6,0,6,0,6,0,6,0,6,0,6,0,6,0,6,0,6,0,6,0,6,0,6,0,6,0,6,0,6,0,18,11,18,11,18,11,18,11,18,11,18,11,18,13,18,11,18,12,18,11,25,14,25,11,13,9,13,9,13,9,27,16,34,13,34,15,34,16,34,15,34,15,19,16,19,16,34,15,19,14,34,10,34,15,34,12,34,12,34,9,34,9,34,12,34,14,34,15,34,15
North East and Yorkshire,,RCF,Airedale NHS Foundation Trust,7,6,7,5,7,4,7,7,7,6,7,6,7,7,7,5,7,5,8,8,9,9,8,8,8,8,8,8,8,8,8,8,9,9,8,8,7,7,7,7,7,7,7,7,7,5,7,7,7,7,8,8,7,6,7,5,7,5,7,4,7,5,7,5,7,6,7,6,7,5,7,5,7,4,7,3,7,3,7,5,7,5,7,7,7,7,7,6,8,8,8,8,8,8,8,8,8,8,8,8,7,7,8,8,8,8,7,6,7,6,7,6
North East and Yorkshire,,RFF,Barnsley Hospital NHS Foundation Trust,23,21,18,18,18,18,23,22,25,25,24,24,26,26,23,23,23,22,23,23,23,22,23,21,23,20,23,19,23,21,23,20,23,19,23,20,23,21,23,19,23,21,23,20,23,19,23,20,23,16,23,18,23,19,23,19,23,16,23,15,23,13,23,12,23,13,23,13,23,13,23,12,23,20,23,19,23,19,23,17,23,19,23,19,23,19,23,18,23,20,23,20,23,20,23,22,23,21,23,22,23,22,23,18,23,17,23,18,23,18,23,18
North East and Yorkshire,,RAE,Bradford Teaching Hospitals NHS Foundation Trust,17,15,17,15,19,17,16,16,17,14,20,16,20,18,18,15,20,17,26,23,25,22,25,22,22,21,22,21,25,25,24,23,21,20,23,21,27,25,27,25,23,21,21,20,20,19,20,18,18,18,20,17,20,19,21,19,19,18,18,18,21,21,19,19,19,19,20,17,23,19,20,19,20,18,21,20,25,25,21,19,21,19,19,18,17,15,17,15,17,15,17,14,18,16,18,16,18,17,18,15,17,15,16,16,18,16,13,12,15,12,16,13
North East and Yorkshire,,RWY,Calderdale and Huddersfield NHS Foundation Trust,14,14,14,14,15,15,14,14,15,15,15,15,15,15,16,16,16,16,17,17,16,16,16,16,17,17,17,17,18,18,16,16,16,16,18,18,17,17,19,19,22,22,23,23,26,26,22,22,19,19,19,19,20,20,19,19,19,19,19,19,18,18,19,19,18,18,16,16,18,18,18,18,17,17,16,16,15,15,15,15,14,14,15,15,14,14,16,16,14,14,12,12,11,11,10,10,13,12,13,10,13,13,11,11,13,12,13,11,13,13,13,12
North East and Yorkshire,,RXP,County Durham and Darlington NHS Foundation Trust,21,17,21,18,21,16,21,18,23,17,23,16,23,17,23,19,23,20,23,18,23,21,23,18,23,19,23,16,23,19,23,20,23,20,23,20,23,18,23,21,23,8,23,18,23,17,23,19,23,20,23,15,23,15,23,16,23,15,23,14,23,13,23,18,23,17,23,15,23,13,23,10,23,17,23,17,23,15,23,14,23,14,23,14,23,14,23,14,23,12,23,11,23,13,23,12,23,16,23,16,23,14,23,15,23,13,23,17,23,14,23,15
North East and Yorkshire,,RP5,Doncaster and Bassetlaw Teaching Hospitals NHS Foundation Trust,25,22,25,22,25,20,25,20,25,20,25,23,25,22,25,19,25,22,25,20,25,21,25,23,25,24,25,24,25,24,25,22,25,20,25,24,25,22,25,22,25,23,25,23,25,21,25,21,25,18,25,23,25,24,25,21,25,25,25,22,25,22,25,22,25,25,5,5,25,24,25,20,25,22,25,23,25,19,25,24,25,25,25,20,25,18,25,24,25,22,25,22,25,22,25,21,25,22,25,23,25,20,25,21,25,21,25,20,25,23,25,22
North East and Yorkshire,,RR7,Gateshead Health NHS Foundation Trust,24,13,24,14,24,14,24,10,24,11,24,13,24,12,24,10,24,11,24,15,24,10,24,11,25,9,25,9,25,10,25,9,25,10,25,10,25,11,25,13,25,12,25,14,25,12,25,12,25,12,25,12,25,9,25,8,25,8,25,8,25,7,25,8,25,6,25,6,25,7,25,8,25,11,25,11,25,8,25,8,25,8,25,7,25,7,25,9,25,9,25,9,25,9,25,8,25,6,25,4,25,6,25,5,25,7,25,7,25,8,25,11
North East and Yorkshire,,RCD,Harrogate and District NHS Foundation Trust,8,7,8,7,8,8,8,7,8,7,8,8,8,7,8,8,8,6,8,7,8,7,8,6,8,6,8,7,9,9,10,10,8,8,9,9,8,7,8,8,8,8,11,11,10,8,10,7,10,8,10,8,10,8,10,7,10,7,10,7,10,8,10,6,10,8,10,6,10,6,10,8,10,7,10,8,10,8,10,6,10,7,10,8,8,6,8,5,10,6,8,5,8,5,8,5,8,3,8,3,8,7,8,6,8,8,8,7,8,7,8,8
North East and Yorkshire,,RWA,Hull University Teaching Hospitals NHS Trust,44,32,44,33,44,32,44,36,61,33,61,36,61,28,61,32,61,34,61,37,71,45,79,43,79,35,79,41,79,41,79,51,79,49,79,54,79,51,79,56,79,52,79,52,79,51,79,55,79,51,79,49,79,46,79,49,79,48,79,47,79,51,79,49,79,44,79,39,79,40,73,46,79,42,79,46,79,38,79,46,73,44,79,40,79,45,79,45,79,53,79,53,79,45,79,50,79,47,73,45,73,48,73,46,73,50,69,44,63,55,73,53
North East and Yorkshire,,RR8,Leeds Teaching Hospitals NHS Trust,105,80,51,49,59,55,60,54,63,60,62,61,63,60,61,56,55,54,67,64,67,62,66,65,66,66,68,64,71,71,67,66,75,75,80,80,69,68,68,68,68,68,64,63,67,67,67,67,65,65,65,65,64,62,59,53,55,55,56,56,56,56,69,69,70,68,68,68,68,68,61,61,67,63,63,62,60,58,60,58,60,58,53,53,61,54,58,55,58,58,59,58,63,60,67,63,56,55,58,54,58,54,58,58,56,55,56,55,56,53,56,53
North East and Yorkshire,,RXF,Mid Yorkshire Hospitals NHS Trust,28,17,28,20,28,20,28,19,28,18,28,19,28,15,28,19,28,21,28,17,28,17,28,18,28,19,28,20,28,16,28,21,28,24,28,22,28,20,28,16,28,17,28,19,28,17,28,17,28,18,28,18,28,19,28,18,28,17,28,18,28,18,28,17,28,18,28,21,28,21,28,20,28,19,28,17,28,18,28,17,28,16,28,16,28,15,28,15,28,14,28,14,28,16,28,15,28,14,28,16,28,15,28,13,28,12,28,11,28,10,28,11
North East and Yorkshire,,RNN,North Cumbria Integrated Care NHS Foundation Trust,15,10,15,8,15,7,15,7,15,8,15,8,15,10,15,9,15,9,15,10,15,8,15,10,15,11,15,12,15,11,15,12,15,9,15,8,15,6,15,7,16,12,15,10,15,11,15,10,15,9,15,9,15,12,15,13,15,12,15,11,15,12,15,8,15,7,16,11,16,11,16,10,16,10,15,9,15,10,15,8,15,9,15,5,15,9,15,10,15,12,13,12,13,10,14,14,13,13,14,14,14,11,14,10,14,11,13,8,15,12,15,11
North East and Yorkshire,,RVW,North Tees and Hartlepool NHS Foundation Trust,16,11,16,14,16,13,16,14,16,15,16,13,16,11,16,11,16,11,16,11,16,13,16,11,16,14,16,9,16,11,16,9,16,10,16,11,16,12,16,13,16,13,16,11,16,9,16,11,16,11,16,10,16,12,16,12,16,14,16,13,16,12,16,11,16,13,16,12,16,12,16,12,16,12,16,12,16,16,16,11,16,12,16,12,16,14,16,13,16,13,16,12,16,12,16,13,16,13,16,13,16,11,16,11,16,14,16,12,16,13,16,13
North East and Yorkshire,,RJL,Northern Lincolnshire and Goole NHS Foundation Trust,15,12,15,12,15,15,15,15,15,15,15,12,15,14,15,15,15,14,15,15,15,15,16,16,31,28,31,29,31,29,31,30,23,15,23,16,22,12,31,23,31,28,31,29,31,21,31,22,31,22,31,22,31,20,31,21,31,21,31,20,16,7,16,12,16,11,16,5,16,9,16,10,16,11,16,8,14,8,14,8,14,8,14,6,14,10,14,8,14,11,14,10,14,11,14,11,14,13,14,12,14,12,14,13,14,13,14,12,14,12,14,12
North East and Yorkshire,,RTF,Northumbria Healthcare NHS Foundation Trust,18,13,18,12,18,13,18,11,18,11,18,11,18,10,18,12,18,12,18,12,18,13,18,13,18,14,18,14,18,13,18,13,23,14,21,18,20,16,18,11,19,12,20,15,21,17,18,14,18,15,18,14,18,13,18,15,18,14,18,8,18,9,18,9,18,10,18,9,18,11,18,11,20,14,18,14,15,12,15,13,15,12,17,13,15,14,15,14,15,12,15,14,15,13,15,12,15,10,15,12,15,12,15,13,16,14,15,11,15,11,15,12
North East and Yorkshire,,RCU,Sheffield Children's NHS Foundation Trust,0,0,0,0,0,0,0,0,0,0,0,0,0,0,0,0,0,0,0,0,0,0,0,0,0,0,0,0,0,0,0,0,0,0,0,0,0,0,0,0,0,0,0,0,0,0,0,0,0,0,0,0,0,0,0,0,0,0,0,0,0,0,0,0,0,0,0,0,0,0,0,0,0,0,0,0,0,0,0,0,0,0,0,0,0,0,0,0,0,0,0,0,0,0,0,0,0,0,0,0,0,0,0,0,0,0,0,0,0,0,0,0
North East and Yorkshire,,RHQ,Sheffield Teaching Hospitals NHS Foundation Trust,118,78,118,81,118,86,118,83,118,92,118,83,118,75,118,82,118,83,118,84,118,89,118,81,118,85,118,83,118,72,118,82,118,84,118,90,118,85,118,84,118,81,118,79,118,91,118,91,118,90,118,93,118,86,118,86,118,88,118,87,118,85,118,82,118,82,118,76,118,75,118,72,118,79,118,84,118,79,118,75,118,80,118,71,118,72,118,84,118,86,118,79,118,74,118,79,118,67,118,65,118,73,118,80,118,79,118,74,118,76,118,70
North East and Yorkshire,,RTR,South Tees Hospitals NHS Foundation Trust,49,43,63,52,56,51,54,50,58,48,60,50,61,47,52,46,59,48,55,48,61,52,60,48,61,54,56,46,55,43,60,50,58,53,59,54,57,53,56,52,58,48,58,44,56,45,60,46,63,49,61,52,61,50,61,46,56,43,58,49,54,48,57,48,57,49,61,52,56,48,57,47,59,49,61,47,63,49,63,52,64,54,58,50,57,48,59,49,62,51,60,53,64,53,64,52,56,47,53,44,59,50,63,53,56,53,58,49,59,47,59,47
North East and Yorkshire,,R0B,South Tyneside and Sunderland NHS Foundation Trust,54,14,54,17,54,16,54,18,54,16,54,15,54,16,54,19,54,19,54,20,24,18,24,20,24,18,24,16,24,17,24,18,24,19,24,17,24,18,24,22,24,21,24,20,24,22,24,21,24,23,26,25,26,25,28,25,28,26,27,25,26,23,24,24,25,25,24,22,24,21,24,22,24,23,24,20,24,19,24,19,24,17,24,16,25,23,24,23,24,21,24,19,24,20,24,18,24,18,24,19,24,18,24,15,24,15,24,14,24,18,24,17
North East and Yorkshire,,RTD,The Newcastle Upon Tyne Hospitals NHS Foundation Trust,90,67,90,67,90,68,90,70,90,67,90,64,90,64,90,54,90,64,90,64,90,67,90,66,90,71,90,63,90,67,90,71,90,79,90,77,90,73,90,71,90,67,90,65,90,67,90,70,90,63,90,62,90,65,90,56,90,54,90,62,94,66,94,65,90,72,90,74,90,62,90,68,90,67,90,74,90,72,90,70,90,78,90,62,90,60,90,70,90,76,90,64,90,66,90,62,90,56,90,50,90,57,90,59,90,59,90,58,90,60,90,57
North East and Yorkshire,,RFR,The Rotherham NHS Foundation Trust,14,13,14,12,14,13,14,12,14,11,14,9,14,9,14,10,14,13,14,13,20,16,20,16,24,19,24,22,20,17,20,17,20,20,20,14,20,15,20,12,20,12,20,12,20,12,20,10,20,12,20,10,20,5,20,10,20,11,20,13,20,6,20,12,20,9,20,7,20,12,20,9,20,8,20,6,20,9,20,9,20,7,20,7,20,7,20,6,20,7,20,9,20,8,20,10,20,10,20,10,20,11,20,11,20,14,20,12,20,14,20,15
North East and Yorkshire,,RCB,York Teaching Hospital NHS Foundation Trust,22,11,22,15,26,14,26,15,26,13,26,15,26,13,26,9,26,16,26,18,26,17,26,15,26,18,26,15,26,14,26,15,26,15,26,16,26,19,26,15,26,17,26,17,36,23,36,22,36,22,36,22,36,18,36,18,36,18,36,16,36,18,36,20,36,19,36,16,36,19,36,14,36,14,36,15,36,19,26,18,26,15,26,19,26,19,26,17,26,16,26,16,26,20,26,19,26,19,26,18,26,18,26,17,26,18,26,18,26,18,26,15
North West,,RBS,Alder Hey Children's NHS Foundation Trust,0,0,0,0,0,0,0,0,0,0,0,0,0,0,0,0,0,0,0,0,0,0,0,0,0,0,0,0,0,0,0,0,0,0,0,0,0,0,0,0,0,0,0,0,0,0,0,0,0,0,0,0,0,0,0,0,0,0,0,0,0,0,0,0,0,0,0,0,0,0,0,0,0,0,0,0,0,0,0,0,0,0,0,0,0,0,0,0,0,0,0,0,0,0,0,0,0,0,0,0,0,0,0,0,0,0,0,0,0,0,0,0
North West,,RXL,Blackpool Teaching Hospitals NHS Foundation Trust,56,35,56,42,44,40,44,44,44,39,44,35,44,28,44,30,44,36,48,41,48,38,48,38,48,39,48,42,52,36,52,37,52,40,52,41,52,31,52,30,52,31,52,31,52,29,52,29,52,28,52,29,52,32,52,30,52,25,52,25,52,22,52,23,52,27,52,27,52,25,52,27,52,29,52,27,52,27,52,23,52,19,52,18,52,15,52,20,52,19,44,21,44,24,44,22,44,20,44,18,44,23,44,22,44,23,44,21,44,17,44,17
North West,,RMC,Bolton NHS Foundation Trust,18,14,22,18,19,19,19,17,21,19,22,21,21,21,21,19,21,19,21,16,21,20,21,21,21,19,21,16,21,14,21,13,21,14,21,16,21,17,21,17,21,17,21,16,21,15,21,15,21,18,19,19,19,19,19,16,19,16,19,16,19,14,19,13,19,13,19,12,19,14,19,14,19,15,19,15,19,14,19,13,19,13,19,15,19,14,19,15,19,15,19,13,19,12,19,12,19,11,19,10,19,11,19,12,19,12,19,10,19,10,19,12
North West,,RJR,Countess of Chester Hospital NHS Foundation Trust,15,14,15,14,15,15,15,14,15,14,16,16,17,17,17,17,16,16,22,16,22,16,21,14,21,12,21,12,21,15,21,15,23,17,25,19,22,16,21,15,21,15,21,15,24,18,22,16,24,18,21,17,21,16,21,15,21,14,21,16,21,16,21,17,21,16,21,14,21,13,21,13,21,16,21,15,21,16,24,18,22,16,22,16,21,15,21,16,21,17,21,20,21,14,21,18,21,16,21,16,24,18,23,17,22,16,23,17,21,15,21,15
North West,,RJN,East Cheshire NHS Trust,9,3,9,2,9,4,9,2,9,4,9,5,9,6,9,6,9,5,9,6,9,3,9,2,9,3,9,4,9,3,9,1,9,2,9,4,9,4,9,4,9,4,9,6,9,6,9,6,9,4,9,3,9,2,9,2,9,5,9,4,9,2,9,4,9,5,9,2,9,2,9,4,9,4,9,6,9,4,9,3,9,3,9,5,9,5,9,4,9,4,9,4,9,4,9,6,9,3,9,4,9,3,9,3,9,3,9,5,9,1,9,1
North West,,RXR,East Lancashire Hospitals NHS Trust,31,31,37,37,36,36,36,33,44,37,44,39,44,38,44,32,44,36,44,36,44,39,44,37,44,41,44,39,44,40,44,40,44,41,44,39,44,37,44,38,44,35,44,34,44,35,44,34,44,37,44,32,44,31,44,29,44,25,44,28,44,28,44,36,44,37,48,38,44,37,40,34,40,34,40,32,40,32,40,32,40,30,40,30,40,29,40,31,40,35,40,36,44,36,40,32,40,33,40,30,40,32,40,33,40,34,40,33,40,33,40,33
North West,,RXN,Lancashire Teaching Hospitals NHS Foundation Trust,30,27,36,36,36,36,36,33,36,32,36,32,36,33,36,31,36,34,36,34,36,34,36,36,36,32,36,31,36,30,36,29,36,36,36,35,36,36,37,37,36,34,36,30,36,33,36,32,36,30,36,29,36,31,36,32,36,32,36,30,36,31,36,32,36,30,36,28,36,27,36,31,36,31,36,30,36,30,36,32,36,29,36,25,36,27,36,27,36,25,36,27,36,28,36,27,36,26,36,23,36,30,36,24,36,26,36,27,36,24,36,25
North West,,REM,Liverpool University Hospitals NHS Foundation Trust,60,47,60,51,60,53,60,50,60,48,60,49,60,51,60,50,60,53,60,52,60,52,60,51,60,50,60,47,60,51,60,50,60,47,60,48,60,51,60,54,60,53,60,53,60,51,60,53,60,56,60,52,60,51,60,41,59,44,59,47,60,46,60,48,60,49,60,46,60,47,60,46,61,51,60,49,60,47,60,51,60,51,60,48,60,47,60,56,60,52,60,51,60,51,60,47,60,44,60,45,60,48,60,48,60,50,60,48,60,45,60,46
North West,,R0A,Manchester University NHS Foundation Trust,106,77,107,85,105,83,105,81,105,82,105,82,105,79,105,76,108,86,108,88,108,92,109,93,110,93,110,87,110,86,110,91,110,98,110,92,110,94,110,93,110,88,110,82,112,95,112,94,112,100,112,98,112,94,112,86,112,83,112,87,112,89,112,91,112,89,112,86,112,87,112,84,112,91,113,96,106,98,114,91,108,90,108,88,110,88,109,94,112,90,112,88,112,92,107,88,107,79,107,78,109,82,111,77,111,86,111,85,111,81,111,77
North West,,RBT,Mid Cheshire Hospitals NHS Foundation Trust,11,7,11,11,11,10,11,8,11,8,11,6,11,9,11,10,11,8,11,8,11,8,11,8,14,12,11,10,11,9,11,10,14,12,14,12,15,15,14,14,15,15,14,13,14,12,14,13,14,14,14,13,14,13,14,14,14,13,14,12,14,11,14,11,14,9,14,8,14,8,14,8,14,7,14,8,12,8,12,5,12,7,12,8,12,10,12,9,12,10,12,9,12,10,12,11,12,11,12,12,11,10,11,10,11,10,11,9,12,12,11,11
North West,,RW6,Pennine Acute Hospitals NHS Trust,42,36,42,12,42,34,42,33,45,37,42,34,42,36,42,37,42,35,55,38,51,47,48,40,45,43,42,35,46,38,47,39,44,36,43,38,45,36,42,32,42,32,53,36,53,36,53,40,53,36,53,39,53,33,53,37,53,33,42,33,44,36,50,37,50,35,53,38,51,36,50,32,50,34,53,33,53,35,78,38,47,37,48,38,48,36,45,33,45,37,45,36,45,36,45,32,45,34,45,34,45,36,45,33,45,32,45,28,45,27,45,27
North West,,RM3,Salford Royal NHS Foundation Trust,34,34,34,34,35,35,39,39,36,36,37,37,36,36,36,36,36,36,43,43,43,43,43,43,39,39,37,37,36,36,36,36,45,45,40,37,43,43,36,36,39,39,36,36,33,33,36,36,40,38,41,41,40,38,40,38,40,39,40,35,40,35,40,35,40,35,40,34,40,34,40,32,40,35,40,33,40,33,40,32,40,34,40,34,40,33,40,33,40,34,40,33,40,33,40,37,38,35,36,33,36,32,36,36,34,31,34,31,34,34,34,28
North West,,RVY,Southport and Ormskirk Hospital NHS Trust,18,12,18,12,18,12,18,10,18,9,18,11,18,11,18,14,18,14,18,13,15,11,15,12,18,12,18,11,18,11,18,15,18,14,18,13,18,13,18,15,18,14,18,12,18,13,18,14,18,16,18,13,18,12,18,13,18,12,18,11,18,10,18,12,18,11,18,9,18,8,18,9,18,10,18,9,18,11,18,9,18,10,18,10,18,10,18,10,18,12,18,12,18,13,18,15,18,14,18,14,18,14,18,13,18,14,18,14,18,10,18,10
North West,,RBN,St Helens and Knowsley Teaching Hospitals NHS Trust,17,17,15,15,14,13,14,12,14,13,15,15,16,16,15,15,14,13,15,15,15,15,17,15,17,15,17,12,17,13,17,12,17,14,17,14,17,14,17,12,17,11,17,8,17,8,17,11,17,12,17,10,11,9,12,9,14,8,14,9,14,9,14,9,14,9,14,8,14,10,14,9,14,11,14,12,14,11,14,10,14,10,14,14,14,12,14,11,14,10,14,11,14,9,14,11,14,11,14,9,14,10,14,10,14,11,14,10,14,12,14,12
North West,,RWJ,Stockport NHS Foundation Trust,13,12,14,14,14,14,18,14,18,17,18,18,18,14,18,14,18,15,18,17,18,16,18,17,18,14,18,15,18,13,18,14,18,14,15,15,18,12,18,15,18,16,18,14,18,14,18,13,18,16,18,14,18,13,18,14,18,13,18,14,18,14,18,16,18,17,18,14,18,16,18,16,19,19,18,15,18,12,18,12,13,11,13,8,13,8,13,7,13,9,13,9,13,10,13,6,13,8,13,8,13,8,13,9,13,12,13,8,13,9,13,8
North West,,RMP,Tameside and Glossop Integrated Care NHS Foundation Trust,15,9,15,9,15,8,15,9,15,8,15,8,15,9,15,9,15,10,15,10,15,9,15,9,15,10,15,10,15,10,15,9,15,9,15,9,15,9,15,10,15,10,15,9,15,6,15,3,15,4,23,11,23,11,23,12,23,9,23,9,23,7,23,7,23,7,23,10,23,12,23,13,23,11,23,9,23,11,23,11,23,9,23,9,23,9,23,11,23,9,23,12,23,12,23,9,23,9,23,14,23,15,23,13,23,13,23,13,23,12,23,13
North West,,RTX,University Hospitals of Morecambe Bay NHS Foundation Trust,29,13,29,15,29,12,29,12,29,12,29,15,29,16,29,15,29,14,29,11,28,15,28,14,28,14,29,13,29,11,29,10,29,10,29,10,29,11,29,13,29,13,29,15,29,11,29,13,29,12,29,10,29,12,29,8,29,14,29,16,29,14,29,14,29,13,29,12,29,10,29,11,29,11,29,7,29,9,29,12,29,11,29,12,29,11,29,10,29,9,29,12,29,10,29,11,29,10,29,9,29,10,29,12,29,12,29,10,29,8,29,7
North West,,RWW,Warrington and Halton Teaching Hospitals NHS Foundation Trust,18,18,18,17,18,18,18,18,18,18,18,17,18,18,18,16,18,16,18,14,18,14,18,18,18,16,18,17,18,17,18,18,18,14,18,15,18,16,18,17,18,16,18,16,18,18,18,18,18,14,18,15,18,17,18,16,18,14,18,16,18,16,18,15,18,15,18,15,18,14,18,14,18,11,18,11,18,14,18,12,18,13,18,15,18,15,18,15,18,16,18,15,18,16,18,17,18,14,18,13,18,14,18,15,18,13,18,14,18,13,18,14
North West,,RBL,Wirral University Teaching Hospital NHS Foundation Trust,18,12,18,11,18,12,18,10,18,10,18,11,18,7,18,10,18,10,18,9,18,8,18,12,18,12,18,11,18,10,18,12,18,12,18,13,15,9,18,10,18,11,18,11,18,9,18,9,18,6,18,9,18,10,18,8,18,8,18,8,18,9,18,10,18,11,18,9,18,10,18,12,18,13,18,15,18,13,18,11,18,12,18,13,18,14,18,12,18,11,18,13,18,12,18,10,18,11,18,11,18,9,18,8,18,3,18,6,18,9,18,11
North West,,RRF,"Wrightington, Wigan and Leigh NHS Foundation Trust",23,19,23,19,23,16,23,16,23,13,23,14,23,13,19,15,19,13,19,17,19,17,19,17,19,17,19,16,19,13,19,14,19,14,19,14,19,15,19,15,19,15,19,14,19,13,19,15,19,13,19,14,19,14,19,14,19,12,19,12,19,13,19,11,19,11,19,11,19,10,19,8,19,7,15,10,15,12,15,12,15,12,15,12,15,10,15,9,15,8,15,10,15,9,15,9,15,9,15,10,15,12,15,12,15,9,15,10,15,10,15,9
South East,,RTK,Ashford and St Peter's Hospitals NHS Foundation Trust,19,14,19,14,19,10,19,12,19,12,19,11,19,11,19,12,19,12,19,10,19,12,19,13,19,13,19,9,19,13,19,13,19,12,19,15,19,15,20,14,20,15,20,13,20,14,19,19,20,12,20,12,20,13,20,13,20,13,20,13,20,15,20,16,20,15,20,15,20,15,20,13,20,14,20,13,20,16,20,13,20,11,20,14,20,12,20,16,20,16,20,16,20,14,26,13,26,14,26,16,26,17,26,15,26,17,26,16,26,14,26,19
South East,,RXH,Brighton and Sussex University Hospitals NHS Trust,58,44,58,43,58,42,58,47,58,43,58,44,58,39,58,40,58,41,58,44,58,45,58,45,58,43,58,45,58,46,58,44,58,42,58,43,58,44,58,44,58,42,58,41,58,43,58,45,58,43,58,44,58,43,58,41,58,41,58,41,58,42,61,39,62,43,61,37,61,38,62,39,62,40,62,44,62,44,61,42,61,41,61,39,61,39,52,38,62,47,62,40,62,43,62,43,61,43,62,46,62,47,61,50,62,49,70,44,72,41,72,40
South East,,RXQ,Buckinghamshire Healthcare NHS Trust,17,11,17,15,17,14,17,12,17,11,17,11,17,12,17,11,17,12,17,11,17,11,17,14,14,10,17,10,17,11,17,14,17,10,17,12,17,12,21,12,21,14,21,10,21,12,21,10,21,13,21,12,21,12,21,10,21,8,21,12,21,14,21,14,21,12,17,10,17,10,21,10,21,11,21,11,21,13,21,13,21,13,21,13,21,13,21,15,21,14,15,12,21,14,17,15,21,15,21,16,21,13,21,12,21,11,21,11,21,13,21,14
South East,,RN7,Dartford and Gravesham NHS Trust,15,8,15,10,15,11,15,10,15,10,15,10,15,12,15,13,15,12,15,13,15,14,15,12,15,12,15,10,15,11,15,13,15,13,15,13,15,14,15,14,15,12,15,11,15,14,15,13,15,14,15,12,15,12,15,13,15,13,15,11,15,11,15,11,15,14,15,15,15,15,15,13,15,12,15,12,15,13,15,11,15,9,15,11,15,13,15,12,15,13,15,12,15,13,15,10,15,10,15,10,15,13,15,13,15,13,15,11,15,11,15,15
South East,,RVV,East Kent Hospitals University NHS Foundation Trust,33,23,33,25,33,25,33,27,33,31,33,29,33,30,33,27,33,29,33,30,33,27,33,25,33,27,33,28,33,25,33,24,33,24,33,25,33,26,33,27,33,24,33,22,33,22,41,27,41,30,41,30,41,28,42,31,41,25,41,26,41,29,41,28,42,30,43,35,42,30,42,31,41,28,41,25,41,27,41,29,41,32,41,29,44,36,44,36,43,35,45,37,44,39,49,39,49,32,49,33,49,32,49,36,49,36,49,34,49,35,49,32
South East,,RXC,East Sussex Healthcare NHS Trust,24,16,24,14,24,11,24,15,24,19,24,13,24,13,24,15,24,15,24,12,24,12,24,13,24,10,21,10,24,12,24,12,21,15,24,17,24,18,24,19,24,15,19,17,24,16,18,15,20,13,20,13,20,15,22,15,17,14,22,14,22,14,24,10,22,10,22,9,18,12,22,14,20,16,21,17,24,17,22,17,22,9,22,13,22,16,20,16,21,17,19,18,21,20,22,19,22,20,24,20,22,22,22,22,22,22,24,23,24,20,22,20
South East,,RDU,Frimley Health NHS Foundation Trust,32,27,32,28,32,30,32,32,32,29,32,28,32,28,32,28,32,25,32,26,32,27,32,30,32,31,32,31,32,31,32,30,32,31,32,28,32,30,32,30,32,31,32,28,32,26,32,25,32,25,32,24,32,24,32,24,32,27,32,26,32,29,32,26,32,28,32,30,32,28,32,28,32,28,32,27,32,27,32,24,32,24,32,25,32,25,32,29,32,28,32,29,32,28,32,25,32,24,32,25,32,27,32,29,32,28,32,20,32,20,32,20
South East,,RN5,Hampshire Hospitals NHS Foundation Trust,28,13,28,12,28,10,28,11,28,10,28,15,28,15,28,15,28,12,28,13,0,0,28,15,28,10,28,11,28,9,28,13,28,13,28,10,28,10,28,7,28,7,28,7,28,10,28,14,28,10,28,9,28,13,28,10,28,10,28,10,28,15,28,11,28,12,28,11,28,8,28,7,28,13,28,15,28,18,28,17,28,18,28,16,28,14,28,15,28,16,28,20,28,18,28,21,28,15,28,12,28,13,28,17,28,23,28,22,28,20,28,23
South East,,R1F,Isle of Wight NHS Trust,15,2,15,4,15,4,15,6,15,7,15,8,15,10,15,6,15,6,15,4,15,5,15,5,15,7,15,7,15,8,15,8,15,15,15,15,15,15,15,5,15,6,15,15,15,15,15,15,15,15,15,15,15,7,15,15,15,15,15,4,15,4,15,5,15,4,15,3,15,4,15,4,15,4,15,4,15,5,15,7,15,7,15,5,15,6,15,7,15,6,15,7,15,7,15,6,15,6,15,7,15,10,15,10,15,9,15,9,15,8,15,9
South East,,RWF,Maidstone and Tunbridge Wells NHS Trust,18,14,18,15,18,14,19,16,18,14,18,13,18,12,18,11,18,13,19,17,19,17,18,16,18,17,18,16,18,18,18,17,19,19,20,20,19,19,19,17,18,16,18,15,18,15,18,15,18,18,19,19,30,24,30,23,30,22,31,22,29,20,30,20,30,21,31,22,30,21,31,22,31,22,31,22,31,21,31,20,31,18,31,19,31,21,24,24,24,24,26,26,26,26,28,28,25,25,25,25,24,24,26,26,26,26,24,24,25,25,27,27
South East,,RPA,Medway NHS Foundation Trust,30,18,30,25,30,22,30,22,30,21,30,22,28,25,28,25,28,24,28,22,27,23,23,18,23,16,23,14,28,16,28,23,28,23,28,23,28,24,28,24,28,22,27,21,28,24,28,23,28,27,28,25,28,27,28,26,28,27,28,27,28,24,28,24,31,27,31,27,31,23,31,24,32,26,32,23,32,26,32,29,32,28,30,24,32,25,32,28,28,22,28,25,30,26,30,27,30,25,30,26,30,24,30,27,30,28,30,27,30,26,30,26
South East,,RTH,Oxford University Hospitals NHS Foundation Trust,72,40,72,39,72,45,59,39,59,44,59,38,60,40,60,40,60,40,59,46,53,41,53,41,53,41,53,36,53,33,53,35,53,40,53,43,53,44,53,42,53,38,53,39,53,42,53,45,53,39,53,44,53,46,53,42,53,41,53,44,53,46,53,42,53,41,53,46,53,43,53,43,53,44,53,44,53,43,53,43,53,44,53,40,53,42,53,39,53,39,53,40,53,44,53,42,53,39,53,39,53,39,53,39,53,37,53,40,53,40,53,40
South East,,RHU,Portsmouth Hospitals University National Health Service Trust,19,18,19,19,22,22,19,19,19,19,24,24,23,23,20,20,23,23,22,22,21,21,21,21,26,26,25,25,25,25,26,26,24,24,26,26,26,26,26,26,24,24,25,25,27,27,26,26,25,25,27,27,30,30,30,30,31,31,31,31,31,31,33,33,31,31,33,33,33,33,31,31,37,37,34,34,33,33,34,34,31,31,33,33,34,34,34,34,31,31,19,19,32,32,30,30,30,30,26,26,29,29,28,28,26,26,28,28,25,25,29,29
South East,,RHW,Royal Berkshire NHS Foundation Trust,16,15,16,15,18,17,18,16,19,16,17,14,20,19,21,20,20,17,20,17,20,17,18,15,16,14,18,15,18,14,17,16,18,15,18,16,18,16,18,15,19,17,20,17,20,18,19,16,20,18,21,19,21,18,21,18,21,19,21,18,19,17,21,17,21,16,21,16,20,15,18,16,18,16,20,18,20,18,20,20,21,20,24,24,24,22,22,22,22,21,21,19,21,19,23,21,23,21,22,20,18,16,21,19,21,20,22,21,23,21,23,21
South East,,RA2,Royal Surrey County Hospital NHS Foundation Trust,14,12,14,13,14,14,14,13,14,12,14,13,14,13,14,13,14,14,14,13,14,13,14,13,15,14,15,14,15,14,15,13,15,14,15,15,15,14,15,14,14,13,14,13,14,13,14,14,14,13,14,13,14,14,14,13,14,13,14,12,14,12,15,13,19,17,16,15,16,15,14,11,14,12,16,15,17,16,15,15,19,19,16,15,14,14,14,14,18,17,19,19,19,19,20,20,17,16,17,17,17,16,17,17,15,15,15,15,14,13,17,17
South East,,RTP,Surrey and Sussex Healthcare NHS Trust,16,13,16,14,16,16,16,15,16,15,16,16,16,16,16,16,16,13,16,12,16,14,16,16,16,12,16,13,16,13,16,16,16,14,13,13,16,14,16,16,16,14,16,14,16,16,16,16,16,12,16,14,16,13,16,14,16,16,16,16,16,15,16,16,16,15,16,16,16,14,16,13,16,14,16,15,14,14,16,12,16,10,16,11,16,13,16,16,16,15,18,14,17,17,17,17,17,15,16,15,18,18,18,17,19,19,19,19,20,20,21,21
South East,,RHM,University Hospital Southampton NHS Foundation Trust,100,64,100,69,100,68,100,73,100,78,100,76,100,75,75,63,84,67,90,73,93,80,93,80,88,74,92,73,88,70,93,78,97,83,90,76,88,72,89,73,91,74,90,73,94,78,92,76,92,79,92,77,92,82,89,74,91,75,92,76,93,78,98,80,97,84,97,81,92,76,86,71,86,74,88,75,91,76,95,79,91,79,85,80,86,69,87,74,83,74,86,75,93,77,87,77,90,74,89,75,94,78,95,84,91,83,84,71,82,70,91,72
South East,,RYR,Western Sussex Hospitals NHS Foundation Trust,22,17,22,17,22,17,22,12,22,13,22,13,22,14,22,15,22,15,22,13,22,15,22,16,24,14,21,15,22,17,25,20,25,17,25,20,30,17,30,16,30,18,30,17,30,16,30,20,30,19,30,17,29,14,30,14,30,14,27,20,27,17,27,15,27,16,26,14,23,10,23,17,23,17,23,19,23,17,23,14,23,15,23,15,23,17,23,15,24,22,24,14,24,14,24,15,24,12,24,16,28,19,28,13,28,14,28,12,28,17,28,17
South West,,RBD,Dorset County Hospital NHS Foundation Trust,11,8,13,8,16,6,16,8,16,5,16,7,16,8,16,6,8,5,8,5,8,7,8,8,16,6,11,6,10,5,11,7,11,5,12,7,10,7,9,6,9,7,8,7,8,5,8,5,10,8,16,10,16,10,16,8,16,8,13,7,12,7,13,7,8,6,8,6,9,7,8,7,8,5,8,8,8,5,8,6,8,5,8,6,8,6,8,8,8,8,9,8,8,5,8,5,8,5,8,5,8,3,8,4,8,7,16,7,16,6,16,6
South West,,RTE,Gloucestershire Hospitals NHS Foundation Trust,34,15,34,14,35,24,35,21,36,21,34,19,34,20,34,17,34,18,34,18,34,19,34,21,34,18,34,19,34,18,34,21,34,21,34,20,34,19,34,19,34,19,34,17,34,18,34,19,34,18,34,16,34,20,34,20,34,19,36,19,36,19,36,21,36,19,36,18,36,18,36,19,36,20,36,23,36,24,25,23,25,21,25,18,25,19,25,23,25,20,25,20,25,19,25,17,25,18,25,19,25,15,25,19,25,19,25,17,25,17,25,18
South West,,RN3,Great Western Hospitals NHS Foundation Trust,12,7,12,5,12,7,12,8,12,8,12,9,12,6,12,7,16,6,16,6,16,6,16,8,16,7,16,9,16,7,16,7,16,7,16,9,16,6,16,8,16,8,16,7,16,5,16,7,16,5,16,6,16,9,16,7,16,11,16,11,16,10,16,10,12,8,12,7,12,8,12,8,12,8,12,6,12,8,12,9,12,7,12,8,12,8,12,9,12,11,12,10,12,9,12,10,12,7,12,7,12,9,12,9,12,10,12,11,12,8,12,8
South West,,RVJ,North Bristol NHS Trust,46,34,46,38,46,36,46,32,46,37,46,36,46,32,46,32,46,32,46,36,46,34,46,35,46,31,46,30,46,32,46,33,46,34,46,39,46,39,46,35,46,32,46,29,46,34,46,32,46,29,46,29,55,34,55,37,55,39,55,39,55,37,55,38,55,39,55,32,55,36,55,39,55,37,55,38,46,37,46,39,46,40,46,39,46,37,46,39,46,38,46,38,46,39,46,35,46,34,46,31,46,31,46,28,46,32,46,31,46,30,46,31
South West,,RBZ,Northern Devon Healthcare NHS Trust,8,1,8,3,8,3,8,2,8,4,8,2,8,3,8,3,8,3,8,4,8,5,8,6,8,5,8,3,8,3,8,2,8,3,6,2,6,2,6,3,6,3,6,3,6,4,6,5,6,4,6,5,6,5,6,5,6,5,6,4,6,4,6,4,6,5,6,6,6,5,6,5,6,5,8,5,6,3,8,4,8,4,8,5,8,6,8,6,8,5,8,4,8,3,8,5,8,4,8,4,8,4,8,4,6,6,8,3,8,5,8,4
South West,,REF,Royal Cornwall Hospitals NHS Trust,15,8,15,10,15,10,15,11,15,13,15,10,15,11,15,10,15,10,15,10,15,8,15,9,15,11,15,9,15,8,15,10,15,11,15,12,15,11,15,11,15,11,15,11,15,15,15,12,15,14,15,12,15,10,15,9,30,8,30,8,30,10,30,9,30,12,30,11,30,10,15,11,15,12,15,11,15,11,15,12,15,11,15,10,15,10,15,9,15,9,15,10,15,11,15,11,15,10,15,10,15,9,15,10,15,12,15,13,15,13,15,10
South West,,RH8,Royal Devon and Exeter NHS Foundation Trust,25,14,25,13,25,13,25,17,25,15,25,17,25,16,25,15,25,18,25,17,25,17,25,18,25,16,25,15,25,14,25,17,25,17,25,16,25,16,27,16,25,18,27,17,27,13,25,11,25,11,25,15,25,14,25,12,25,11,25,14,25,11,27,11,27,13,27,13,27,11,27,14,27,14,27,12,27,11,27,13,27,14,25,14,25,16,25,15,25,14,25,13,25,16,25,16,25,16,25,14,25,13,25,13,25,10,25,14,25,12,25,13
South West,,RD1,Royal United Hospitals Bath NHS Foundation Trust,20,8,20,11,20,10,20,10,20,10,20,11,20,8,20,8,20,11,20,12,20,14,20,11,20,11,20,11,20,12,20,9,20,12,20,11,20,10,20,11,20,11,20,12,20,12,20,11,20,8,20,11,20,13,20,11,20,12,20,11,20,9,20,11,20,10,20,11,20,10,20,13,20,14,20,14,20,14,14,13,24,13,13,13,13,13,14,14,13,12,13,10,13,9,13,11,13,13,14,14,13,13,14,14,13,10,13,8,13,9,13,10
South West,,RNZ,Salisbury NHS Foundation Trust,10,4,16,4,10,5,10,6,10,7,10,7,10,7,10,5,16,9,16,8,16,10,16,8,16,7,16,9,16,9,16,8,16,9,16,8,16,9,16,7,16,8,16,7,16,8,16,9,16,10,16,11,16,9,16,7,16,9,16,6,16,4,16,2,16,2,16,3,16,5,16,4,16,5,16,6,16,6,10,7,10,8,10,7,10,8,10,8,10,5,10,6,10,3,10,3,10,4,10,5,10,8,10,9,10,8,10,10,10,10,10,10
South West,,RH5,Somerset NHS Foundation Trust,18,10,18,8,18,8,18,7,18,7,18,7,18,8,18,8,18,7,18,7,18,6,18,6,18,8,18,3,18,3,18,10,18,5,18,7,18,8,18,8,18,6,18,6,18,6,18,6,18,7,18,9,18,12,18,8,18,6,18,8,18,7,18,7,18,8,18,8,18,7,18,6,18,9,18,6,18,10,18,9,14,11,14,8,14,8,13,9,14,9,14,11,14,10,14,12,14,10,14,11,13,9,13,10,13,12,14,12,14,11,14,10
South West,,RA9,Torbay and South Devon NHS Foundation Trust,10,4,10,5,10,5,10,6,10,6,10,5,10,4,10,5,10,6,10,5,10,3,10,5,10,6,10,5,10,9,10,7,10,8,10,6,13,6,13,7,13,7,13,7,13,6,13,4,13,4,13,5,13,7,13,6,13,6,13,4,13,6,13,5,13,6,13,7,13,6,13,6,13,3,13,6,10,7,10,7,10,7,10,6,10,4,10,6,10,7,10,5,10,5,10,6,10,6,10,6,10,5,10,5,10,6,10,5,10,5,10,7
South West,,RA7,University Hospitals Bristol and Weston NHS Foundation Trust,60,56,60,57,60,60,60,57,60,52,60,55,60,56,60,56,61,57,60,60,60,59,61,56,60,57,60,53,60,53,60,55,60,55,60,54,61,57,60,50,60,52,60,48,60,54,61,57,61,58,60,57,61,59,61,54,61,57,62,56,60,60,60,59,71,49,71,46,70,47,70,49,68,47,68,49,49,47,49,46,49,43,49,43,49,43,49,45,49,46,49,47,50,42,49,42,49,41,50,44,49,44,49,42,49,42,49,41,49,37,49,37
South West,,R0D,University Hospitals Dorset NHS Foundation Trust,29,19,22,17,22,18,22,18,22,20,22,20,22,21,22,21,23,22,22,20,24,24,23,21,23,19,23,20,23,23,25,25,30,30,27,27,29,29,30,30,26,26,28,27,25,20,28,23,28,22,28,19,28,19,28,22,28,20,28,21,28,20,28,21,28,23,28,21,28,21,28,20,28,15,28,18,28,18,28,22,28,22,28,21,25,20,27,27,24,24,28,26,23,22,25,18,26,21,25,18,25,20,25,21,25,20,25,15,25,16,25,18
South West,,RK9,University Hospitals Plymouth NHS Trust,50,36,50,40,50,46,50,45,50,42,50,41,50,39,50,36,50,40,50,38,50,39,50,35,50,36,50,36,50,35,50,38,50,42,50,40,50,40,50,41,50,36,50,37,50,35,50,39,50,38,50,40,50,37,50,32,0,0,50,35,50,35,42,31,42,33,42,33,42,34,42,35,42,34,42,32,42,34,44,30,44,31,44,28,44,27,44,36,44,37,44,39,44,37,44,36,44,33,44,31,44,25,44,27,44,23,44,22,44,20,44,20
South West,,RA4,Yeovil District Hospital NHS Foundation Trust,10,9,10,10,10,9,10,9,10,8,10,8,10,9,10,9,10,9,10,10,10,9,10,10,10,9,10,9,10,8,10,9,10,9,10,9,10,8,10,9,10,9,10,9,10,6,10,9,10,9,10,8,10,8,10,8,10,8,10,6,10,6,10,7,10,7,10,6,10,7,10,7,10,7,10,7,10,8,10,8,10,7,10,7,10,8,10,9,10,9,10,8,10,9,10,9,10,9,10,8,10,8,10,9,10,10,10,9,10,8,10,8
East of England,,RGM,Royal Papworth Hospital NHS Foundation Trust,-,-,-,-,-,-,-,-,-,-,-,-,-,-,-,-,-,-,-,-,-,-,-,-,-,-,-,-,-,-,-,-,-,-,-,-,-,-,-,-,-,-,-,-,-,-,-,-,-,-,-,-,-,-,-,-,-,-,-,-,-,-,-,-,-,-,-,-,-,-,-,-,-,-,-,-,-,-,-,-,-,-,-,-,33,26,33,33,35,32,32,32,34,33,34,33,33,33,34,32,35,33,31,31,28,28,30,30,28,28,30,30
London,,RP4,Great Ormond Street Hospital For Children NHS Foundation Trust,-,-,-,-,-,-,-,-,-,-,-,-,-,-,-,-,-,-,-,-,-,-,-,-,-,-,-,-,-,-,-,-,-,-,-,-,-,-,-,-,-,-,-,-,-,-,-,-,-,-,-,-,-,-,-,-,-,-,-,-,-,-,-,-,-,-,-,-,-,-,-,-,-,-,-,-,-,-,-,-,-,-,-,-,0,0,0,0,0,0,0,0,0,0,0,0,0,0,0,0,0,0,0,0,0,0,0,0,0,0,0,0
London,,RP6,Moorfields Eye Hospital NHS Foundation Trust,-,-,-,-,-,-,-,-,-,-,-,-,-,-,-,-,-,-,-,-,-,-,-,-,-,-,-,-,-,-,-,-,-,-,-,-,-,-,-,-,-,-,-,-,-,-,-,-,-,-,-,-,-,-,-,-,-,-,-,-,-,-,-,-,-,-,-,-,-,-,-,-,-,-,-,-,-,-,-,-,-,-,-,-,0,0,0,0,0,0,0,0,0,0,0,0,0,0,0,0,0,0,0,0,0,0,0,0,0,0,0,0
London,,RT3,Royal Brompton And Harefield NHS Foundation Trust,-,-,-,-,-,-,-,-,-,-,-,-,-,-,-,-,-,-,-,-,-,-,-,-,-,-,-,-,-,-,-,-,-,-,-,-,-,-,-,-,-,-,-,-,-,-,-,-,-,-,-,-,-,-,-,-,-,-,-,-,-,-,-,-,-,-,-,-,-,-,-,-,-,-,-,-,-,-,-,-,-,-,-,-,-,-,-,-,-,-,-,-,-,-,-,-,-,-,-,-,-,-,-,-,-,-,-,-,-,-,-,-
London,,RAN,Royal National Orthopaedic Hospital NHS Trust,-,-,-,-,-,-,-,-,-,-,-,-,-,-,-,-,-,-,-,-,-,-,-,-,-,-,-,-,-,-,-,-,-,-,-,-,-,-,-,-,-,-,-,-,-,-,-,-,-,-,-,-,-,-,-,-,-,-,-,-,-,-,-,-,-,-,-,-,-,-,-,-,-,-,-,-,-,-,-,-,-,-,-,-,8,6,8,5,8,6,8,6,8,6,11,4,11,4,11,4,11,4,11,3,11,4,11,4,11,3,11,2
London,,RPY,The Royal Marsden NHS Foundation Trust,-,-,-,-,-,-,-,-,-,-,-,-,-,-,-,-,-,-,-,-,-,-,-,-,-,-,-,-,-,-,-,-,-,-,-,-,-,-,-,-,-,-,-,-,-,-,-,-,-,-,-,-,-,-,-,-,-,-,-,-,-,-,-,-,-,-,-,-,-,-,-,-,-,-,-,-,-,-,-,-,-,-,-,-,16,10,16,10,16,13,16,16,16,11,16,13,16,11,16,11,16,10,16,10,16,11,16,10,16,8,16,8
Midlands,,RL1,The Robert Jones And Agnes Hunt Orthopaedic Hospital NHS Foundation Trust,-,-,-,-,-,-,-,-,-,-,-,-,-,-,-,-,-,-,-,-,-,-,-,-,-,-,-,-,-,-,-,-,-,-,-,-,-,-,-,-,-,-,-,-,-,-,-,-,-,-,-,-,-,-,-,-,-,-,-,-,-,-,-,-,-,-,-,-,-,-,-,-,-,-,-,-,-,-,-,-,-,-,-,-,4,2,4,2,4,1,4,0,4,3,4,3,4,2,7,0,6,6,4,3,3,2,4,2,4,2,4,2
Midlands,,RRJ,The Royal Orthopaedic Hospital NHS Foundation Trust,-,-,-,-,-,-,-,-,-,-,-,-,-,-,-,-,-,-,-,-,-,-,-,-,-,-,-,-,-,-,-,-,-,-,-,-,-,-,-,-,-,-,-,-,-,-,-,-,-,-,-,-,-,-,-,-,-,-,-,-,-,-,-,-,-,-,-,-,-,-,-,-,-,-,-,-,-,-,-,-,-,-,-,-,-,-,-,-,-,-,-,-,-,-,-,-,-,-,-,-,-,-,-,-,-,-,-,-,-,-,-,-
North West,,RBQ,Liverpool Heart And Chest Hospital NHS Foundation Trust,-,-,-,-,-,-,-,-,-,-,-,-,-,-,-,-,-,-,-,-,-,-,-,-,-,-,-,-,-,-,-,-,-,-,-,-,-,-,-,-,-,-,-,-,-,-,-,-,-,-,-,-,-,-,-,-,-,-,-,-,-,-,-,-,-,-,-,-,-,-,-,-,-,-,-,-,-,-,-,-,-,-,-,-,-,-,-,-,-,-,32,28,32,28,32,22,32,22,32,19,32,22,32,1,32,21,32,18,32,17,32,16
North West,,REP,Liverpool Women's NHS Foundation Trust,-,-,-,-,-,-,-,-,-,-,-,-,-,-,-,-,-,-,-,-,-,-,-,-,-,-,-,-,-,-,-,-,-,-,-,-,-,-,-,-,-,-,-,-,-,-,-,-,-,-,-,-,-,-,-,-,-,-,-,-,-,-,-,-,-,-,-,-,-,-,-,-,-,-,-,-,-,-,-,-,-,-,-,-,2,1,2,2,2,2,2,1,2,2,2,2,2,1,2,1,2,1,2,2,2,2,2,0,2,0,2,0
North West,,RBV,The Christie NHS Foundation Trust,-,-,-,-,-,-,-,-,-,-,-,-,-,-,-,-,-,-,-,-,-,-,-,-,-,-,-,-,-,-,-,-,-,-,-,-,-,-,-,-,-,-,-,-,-,-,-,-,-,-,-,-,-,-,-,-,-,-,-,-,-,-,-,-,-,-,-,-,-,-,-,-,-,-,-,-,-,-,-,-,-,-,-,-,8,4,8,6,8,5,8,5,8,6,8,4,8,3,8,2,8,3,8,2,8,3,8,3,8,3,8,3
North West,,RET,The Walton Centre NHS Foundation Trust,-,-,-,-,-,-,-,-,-,-,-,-,-,-,-,-,-,-,-,-,-,-,-,-,-,-,-,-,-,-,-,-,-,-,-,-,-,-,-,-,-,-,-,-,-,-,-,-,-,-,-,-,-,-,-,-,-,-,-,-,-,-,-,-,-,-,-,-,-,-,-,-,-,-,-,-,-,-,-,-,-,-,-,-,17,17,18,18,18,18,19,19,19,19,16,16,15,14,17,17,15,15,17,17,17,17,16,16,15,15,15,15
South East,,RPC,Queen Victoria Hospital NHS Foundation Trust,-,-,-,-,-,-,-,-,-,-,-,-,-,-,-,-,-,-,-,-,-,-,-,-,-,-,-,-,-,-,-,-,-,-,-,-,-,-,-,-,-,-,-,-,-,-,-,-,-,-,-,-,-,-,-,-,-,-,-,-,-,-,-,-,-,-,-,-,-,-,-,-,-,-,-,-,-,-,-,-,-,-,-,-,5,5,5,5,5,5,5,5,5,5,5,5,5,5,5,5,5,4,5,4,7,4,7,2,7,2,7,2